WDD2211871A3391910,S-CLASS,MS-CLASS        22118712-00
WDB2201651A2282210,S-CLASS,MS-CLASS        220165
WDD2211951A3501100,S-CLASS,MS-CLASS        22119512-01
WDD2193541A165978X,CLS-CLASS,MCLS-CLASS      21935412-01
WDD2193541A1659912,CLS-CLASS,MCLS-CLASS      21935412-01
WDD2211561A3300650,S-CLASS,MS-CLASS        22115612-CN9
WDC1641821A6133442,M-CLASS,MM-CLASS        16418212-00
WDC2049871F5164160,GLK-CLASS,MGLK-CLASS      20498712-00
WDC2049811F4987369,GLK-CLASS,MGLK-CLASS      20498112-00
WDD2452331J5785242,B-CLASS,MB-CLASS        24533312ST-00
LE42040481L1209440,C-CLASS,MC-CLASS        20404812EL-00
LE42040451L1208360,C-CLASS,MC-CLASS        20404512CL-00
LE42040451L1160181,C-CLASS,MC-CLASS        20404512CL-00
LE42040481L1207157,C-CLASS,MC-CLASS        20404812EL-00
LE42040471L121252X,C-CLASS,MC-CLASS        20404712AV S-00
LE42040481L1207212,C-CLASS,MC-CLASS        20404812EL-00
LE42040481L1210430,C-CLASS,MC-CLASS        20404812AV-00
LE42040541L1159273,C-CLASS,MC-CLASS        20405412AV-02
LE42121541L0025522,E-CLASS,ME-CLASS        21215412AV-00
LE42121541L0022661,E-CLASS,ME-CLASS        21215412AV-00
LE42121541L002170X,E-CLASS,ME-CLASS        21215412AV-00
LE42121541L0022831,E-CLASS,ME-CLASS        21215412AV-00
LE42121541L002217X,E-CLASS,ME-CLASS        21215412AV-00
LE42121541L0021292,E-CLASS,ME-CLASS        21215412AV-00
LE42121541L002461X,E-CLASS,ME-CLASS        21215412AV-00
LE42040481L1224957,C-CLASS,MC-CLASS        20404812AV-00
LE42121541L002573X,E-CLASS,ME-CLASS        21215412AV-00
LE42121541L0022430,E-CLASS,ME-CLASS        21215412AV-00
LE42040411L1124004,C-CLASS,MC-CLASS        20404112AV-00L
WDC2511651A1047412,R-CLASS,MR-CLASS        25116512-02
LE42040415L0136014,C-CLASS,MC-CLASS        20404112EL-00
WDD2211561A2627229,S-CLASS,MS-CLASS        22115612-CN9
LE42040451L1211619,C-CLASS,MC-CLASS        20404512CL-00
WDB2304581F1570146,SL-CLASS,MSL-CLASS       23045812-01
4JG1641751A0778215,M-CLASS,MM-CLASS        16417512-CN9-E
WDD2211561A3066112,S-CLASS,MS-CLASS        22115612DN-00
WDB2201761A3831159,S-CLASS,MS-CLASS        22017612-CN9
WDD2211561A296733,S-CLASS,MS-CLASS        22115612LU-01
WD4639813135405043,GenericModel,MGenericModel   GenericVariant
WDD2211541A2793922,S-CLASS,MS-CLASS        22115412LU-00
WDC1641861A5323036,M-CLASS,MM-CLASS        16418612DY-00
WDB2201651A2281953,S-CLASS,MS-CLASS        220165
WDD2211541A3472530,S-CLASS,MS-CLASS        22115412BU-01
WDB2201671A4172016,S-CLASS,MS-CLASS        22016712-CN9
LE42110545L0200741,E-CLASS,ME-CLASS        21105412AV-00L
WDD2211561A2821101,S-CLASS,MS-CLASS        22115612-CN9
WDC2049811F480835,GLK-CLASS,MGLK-CLASS      20498112-00
WDC2511541A0889323,R-CLASS,MR-CLASS        25115412-00
WDD2120541A179409,E-CLASS,ME-CLASS        21205412AV-01
WDD2211561A3189180,S-CLASS,MS-CLASS        22115612-CN9
WDC2511541A0967474,R-CLASS,MR-CLASS        25115412-00
LE42121541L0037056,E-CLASS,ME-CLASS        21215412AV-00
LE42121541L0029072,E-CLASS,ME-CLASS        21215412AV-00
LE42121541L0032113,E-CLASS,ME-CLASS        21215412AV-00
LE42121541L0031960,E-CLASS,ME-CLASS        21215412AV-00
LE42121541L0032010,E-CLASS,ME-CLASS        21215412AV-00
LE42121541L0039156,E-CLASS,ME-CLASS        21215412AV-00
LE42121541L0035369,E-CLASS,ME-CLASS        21215412AV-00
LE42121541L0036982,E-CLASS,ME-CLASS        21215412AV-00
LE42121541L0037196,E-CLASS,ME-CLASS        21215412AV-00
LE42121541L0036465,E-CLASS,ME-CLASS        21215412AV-00
LE42121541L0030682,E-CLASS,ME-CLASS        21215412AV-00
LE42121541L0037214,E-CLASS,ME-CLASS        21215412AV-00
LE42121541L0037317,E-CLASS,ME-CLASS        21215412AV-00
LE42121541L003738X,E-CLASS,ME-CLASS        21215412AV-00
LE42121541L0032150,E-CLASS,ME-CLASS        21215412AV-00
LE42121541L0039107,E-CLASS,ME-CLASS        21215412AV-00
LE42121541L0024967,E-CLASS,ME-CLASS        21215412AV-00
LE42121541L0021954,E-CLASS,ME-CLASS        21215412AV-00
LE42121541L0039466,E-CLASS,ME-CLASS        21215412AV-00
LE42121541L0039727,E-CLASS,ME-CLASS        21215412AV-00
LE42121541L0040122,E-CLASS,ME-CLASS        21215412AV-00
LE42121541L0030268,E-CLASS,ME-CLASS        21215412AV-00
LE42121541L0030499,E-CLASS,ME-CLASS        21215412AV-00
LE42121541L0030463,E-CLASS,ME-CLASS        21215412AV-00
LE42121541L0035230,E-CLASS,ME-CLASS        21215412AV-00
WDD2042541F512135X,C-CLASS Estate,MC-CLASS Estate 20425412-01
WDD2452331J5860240,B-CLASS,MB-CLASS        24523312LY-00
WDC1641861A3456185,M-CLASS,MM-CLASS        16418612DY-00
LE42110545L005394X,E-CLASS,ME-CLASS        21105412AV-00L
LE42110545L009882X,E-CLASS,ME-CLASS        21105412AV-00L
WDD2452331J6019395,B-CLASS,MB-CLASS        24523312LY-00
WDC1641861A0325213,M-CLASS,MM-CLASS        16418612DY-00
WDC2049811F4306998,GLK-CLASS,MGLK-CLASS      20498112-01
WDD2120541A168521,E-CLASS,ME-CLASS        21205412AV-01
WDB1714541F1277996,CLK-CLASS,MCLK-CLASS      20934112-00
WDD2211561A238011X,S-CLASS,MS-CLASS        22115612LU-01
WDC1641751A1391678,M-CLASS,MM-CLASS        16417512EX-00
WDD2211541A2975532,S-CLASS,MS-CLASS        22115412EX-01
LE42110421A9325008,E-CLASS,ME-CLASS        21104212-CN9A
LE42040415L0277503,C-CLASS,MC-CLASS        20404112AV-00
WDD2211561A3242467,S-CLASS,MS-CLASS        22115612-CN9
WDD2211561A0255372,S-CLASS,MS-CLASS        22115612-CN9
WDF639813131595825,GenericModel,MGenericModel   GenericVariant
LE42040411L1030319,C-CLASS,MC-CLASS        20404112AV-00
4JG1641861A2169720,M-CLASS,MM-CLASS        16418612LUX-011
LE42040451L1189390,C-CLASS,MC-CLASS        20404512CL-00
WDD2211561A2694619,S-CLASS,MS-CLASS        22115612LU-01
LE42040481L1213315,C-CLASS,MC-CLASS        20404812AV-00
LE42040481L1201945,C-CLASS,MC-CLASS        20404812AV-00
